{
    "accuracy": 0.008927506394684315,
    "loss": 5.026295185089111
}